cd_cnpj,nm_razao_social
00007274000102,DS TRANSPORTES EIRELI
00012856000110,SERTRAZA TRANSPORTES LTDA
00019162000171,DJB LOGISTICA LTDA
00019209000105,DECAPRI TRANSPORTES LTDA
00026368000129,TASSO TRANSPORTES LTDA
00088303000108,CTIL TRANSPORTES LTDA
00091369000157,MILENIUM TRANSPORTES LTDA
00164530000175,ANPA TRANSPORTES LTDA
00264268000130,GERMANY TRANSPORTES EIRELI
00282792000189,TEKE TRANSPORTES LTDA
00293006000102,SOLECARGAS TRANSPORTES LTDA
00316037000123,UNILESTE TRANSPORTES LTDA
00408186000112,MERCAM TRANSPORTES LTDA
00418413000190,OPTRANS TRANSPORTES LTDA
00441711000100,BRASIL REAL TRANSPORTES LTDA
00551745000149,CH TRANSPORTES EIRELI
00650831000109,EFITRANS TRANSPORTES LTDA
00682011000107,QUEFIRA TRANSPORTADORA LTDA
00699880000136,FOZ EXPRESS LTDA
00716751000109,DI LEONE TRANSPORTES LTDA
00755400000107,WANCARGO CARGAS AEREAS LTDA
00894388000111,SANTIAGO TRANSPORTES LTDA
00930246000178,AVS AIR CARGO LTDA
00941293000101,SAO JOAQUIM TRANSPORTES LTDA
01033081000199,IUGAS MUDANCAS E TRANSPORTES LTDA
01064508000116,TRANSCOMAP TRANSPORTES LTDA
01067342000191,AGUAMAR TRANSPORTES LTDA
01093925050197,TRANSVACARI TRANSPORTES LTDA
01101538000155,SUL ATLANTICO BRASIL TRANSPORTES LTDA
01107327000120,BBM LOGISTICA SA
01136729000152,ASTRA ABC COMERCIAL LTDA
01142882000192,VERISSIMO LOGISTICA EIRELI
01143453000130,RTA TRANSPORTES LTDA
01215301000186,RODOANI TRANSPORTES LTDA
01354159000177,SHS TRANSPORTES LTDA
01385726000152,TESTA TRANSPORTES LTDA
01403213000127,BRUNDELL TRANSPORTES LTDA
01428559000180,BPA TRANSPORTES LTDA
01432710000153,TRANSFIRA CORRETORA DE SEGUROS LTDA
01459216000182,CANDIMAR TRANSPORTES LTDA
01496988000194,TRADE EXPRESS CARGO SERVICE LTDA
01586902000114,JS NOGUEIRA TRANSPORTES LTDA
01592543000108,JLIFE TRANSPORTES LTDA
01610798000156,TECMAR TRANSPORTES LTDA
164314253000130,DELTA CARGO LTDA
01661770000148,AMAZON TRANSPORTES LTDA
01679681000129,HAMBURGO CARGAS LTDA
01707649000100,NEW LEST TRANSPORTES LTDA
01743404000138,FAVORITA TRANSPORTES LTDA
01780589000150,RADAR TRANSPORTES LTDA
01786964000170,CASFRE TRANSPORTES LTDA
01816467000177,PENA EXPRESS TRANSPORTES LTDA
01889601000160,PORTO FRADE TRANSPORTES LTDA
01894836000140,FEDAG TRANSPORTES LTDA
01921146000132,QUELMAR TRANSPORTES LTDA
01924667000143,MC TRANSPORTES LTDA
01937440000132,TRANSPANORAMA TRANSPORTES LTDA
01976490000129,GMB LOGISTICA LTDA
02003039000198,AM SUL TRANSPORTES LTDA
02037449000150,CASSIEL TRANSPORTES LTDA
98044529007132,ORLANDIA TRANSPORTES LTDA
02075309000176,ORCATRANS LTDA
02124370000166,TRANSNNAN TRANSPORTES EIRELI
02251094000105,GRECCO LOGISTICA LTDA
02259840000107,LEOFRAN TRANSPORTES LTDA
02274933000100,VECTORCORP ARMAZENAGEM E LOGISTICA LTDA
02282848000186,FREEDEX COURIER EIRELI
02286322000174,AMEX SUL TRANSPORTES LTDA
02317708000104,QUASAR TRANSPORTE E LOGISTICA LTDA
02343801000185,SUDOESTE TRANSPORTES EIRELI
02351144000118,TEGMA GESTAO LOGISTICA SA
02354112000176,GLA TRANSPORTES LTDA
02437892000118,SAO PAULO EXPRESS LTDA
02453237000153,UNIVERSUS TRANSPORTES LTDA
02496748000152,RODOTYME TRANSPORTES LTDA
02509570000137,ZEUS EXPRESS TRANSPORTES LTDA
02563117000109,RODOLUX TRANSPORTES EIRELI
02569939000105,GJ TRANSPORTADORA LTDA
02584659000168,SAGRADO CORACAO TRANSPORTES LTDA
02605234000198,VENETOPAR TRANSPORTES LTDA
02612250000108,ULTRAPRESS CARGAS LTDA
02666398000125,EFICARGO TRANSPORTES EIRELI
02707253000125,ELMA CONTAINERS LTDA
02767940000136,GMV TRANSPORTES LTDA
02799172000100,PROFISSIONAL LOGISTICA LTDA
02804480000179,TRANSJORDANO LTDA
02822446000127,WGM TRANSPORTES E LOGISTICA LTDA
02858081000190,MENGUE TRANSPORTES EIRELI
02866349000136,NEWTRANS TRANSPORTES LTDA
02894576000175,RENNA TRANSPORTES LTDA
02895404000116,SENDA TRANSPORTES E LOGISTICA LTDA
02983304000141,SUPPORT CARGO SA
03019352000187,SUPREMA TRANSPORTES LTDA ME SC
03083948000146,GIRO CERTO ENCOMENDAS EIRELI
03233998000162,ESTRELA DO VALE TRANSPORTES LTDA
03234748000147,VEX LOGISTICA E TRANSPORTES LTDA
03242692000172,WEM TRANSPORTES LTDA
03290503000137,MINAS WAY TRANSPORTES SA
03329252000157,MAXIMA TRANSPORTES LTDA
03370710000100,ALTIZA TRANSPORTES LTDA
03410332000132,ASR TRANSPORTES LTDA
03421702000137,RODSUL TRANSPORTES LTDA
03524850000187,OZORIO TRANSPORTES LTDA
03588339000149,RODOSERPA TRANSPORTES LTDA
03639682000175,FRIOZEM LOGISTICA LTDA
03695964000190,PRALA PRAKA TRANSPORTES LTDA
03701440000164,ALLIEXLOG TRANSPORTE LTDA
03703657000103,VELOZ PAULISTA TRANSPORTES LTDA
03713155000163,SETE SEVEN LOG BRASIL LTDA
03724034000117,RODORUMO LOGISTICA E TRANSPORTES EIRELI
03787516000116,NOVA SAFRA TRANSPORTES LTDA
03812091000158,CLARO TRANSPORTES E LOGISTICA LTDA
03824172000178,MELLO TRANSPORTES RIO PRETO LTDA
03838759000136,PAETHUS TRANSPORTES LTDA
03839209000131,TAMINAS CARGAS E COURIER LTDA
03847855000140,VIAMAC TRANSPORTES EIRELI
03900533000118,JALDI LOGISTICA E TRANSPORTES LTDA
03964641000154,MG TRANSPORTADORA LTDA
03972144000106,ATRATIVA MUDANCAS LTDA
03986934000132,PELOG ARMAZENS GERAIS LTDA
03999930000199,DIGGO TRANSPORTES E LOGISTICA LTDA
04067990000136,ACAO EXPRESS TRANSPORTES LTDA
04086814000141,DIFALUX TRANSPORTES LTDA
04143142000169,AGILES TRANSPORTES LTDA
04160971000150,INTEC TECNOLOGIA DA INFORMACAO SA
04169809000100,DIATOM LOGISTICA LTDA
04177638000153,POLAR TRUCK SERVICE LTDA
04214932000198,TRISUL TRANSPORTES LTDA
04234413000191,TAXCARGA EXPRESS LTDA
04251323000109,RAMIRES CARGAS E ENCOMENDAS LTDA
04333897000126,LUXAFIT TRANSPORTES LTDA
04382020000125,BERGAMINI TRANSPORTES LTDA
04399873000170,UDI ENTREGAS URGENTES LTDA
04409228000190,RC TRANSPORTES LTDA
04412314000152,NEXTRANS TRANSPORTES LTDA
04421752000187,CCA EXPRESS LTDA
04435262000130,MANGA EXPRESS LTDA
04470230000175,ND TRANSPORTES LTDA
04505472000157,KRONOS CARGO LTDA
04517963000118,TOPTRAN TRANSPORTES ESPECIAIS LTDA
04559437000110,ATMA LOGISTICA LTDA
04577788000154,TKEX TRANSPORTES LTDA
04623001000143,JGEX TRANSPORTES EIRELI
04679995000110,ADOLFATO TRANSPORTES LTDA
04681238000180,MONTINA TRANSPORTES LTDA
04682846000100,ASA SUL LOGISTICA INTEGRADA LTDA
04687427000160,LOGIN LOGISTICA INTEGRADA LTDA ME
04723500000102,OPERA TRANSPORTES LTDA
04730484000185,MARBENS TRANSPORTES EIRELI
04767972000167,FLAIR EXPRESS CARGAS E ENCOMENDAS LTDA
04783761000182,DUCARGO LOGISTICA LTDA
04825151000130,DACAR TRANSPORTES LTDA
04901176000175,MB TRANSPORTES EIRELI
04964866000173,RODOCARGO EXPRESS LTDA
05024383000151,TRANSTECHNO LOGISTICA LTDA
05109929000177,WR TRANSPORTES EIRELI
05212596000107,TZAR LOGISTICA LTDA
05272384000115,RESIDUA SOLUCOES AMBIENTAIS LTDA
05301971000195,TRANSVALE BRASIL LTDA
05331394000184,PULSAR LOGISTICA LTDA
05374773000151,ARUS TRANSPORTES LTDA
05435749000185,ARGIUS TRANSPORTES LTDA
05453273000105,SANTA RITA LOGISTIC LTDA
05504835000100,BORA TRANSPORTES LTDA
05539641000132,OPERLOG LOGISTICA E TRANSPORTES LTDA
05543757000145,CAIAPO CARGAS LTDA
05555431000138,TRANSMASSA LOGISTICA LTDA
05592303000164,SPEED BRASIL TRANSPORTES LTDA
05658881000156,TOP CARGO TRANSPORTES EIRELI
05731457000190,TATICA TRANSPORTES EIRELI
05857004000104,GVC EXPRESS LTDA
05911234000104,INTRACARGO TRANSPORTES LTDA
05915569000109,GRAN CARGO TRANSPORTES LTDA
05935141000110,PROFILE SOLUCOES EM LOGISTICA LTDA
05996650000152,TRANS GARIBALDI TRANSPORTES LTDA
06001276000170,RONEW TRANSPORTES LTDA
06056671000150,ASILOG TRANSPORTES LTDA
06079512000171,LIFTING TRANSPORTES LTDA
61255375000132,DOM DIVINO TRANSPORTES LTDA
06179425000196,BEL TRANSPORTES LTDA
06186733000220,EXATA CARGO LTDA
06290466000155,FLAP LOGISTICA LTDA
06317462000113,NIT LAGOS TRANSPORTES LTDA
06320623000128,TIGRO TRANSPORTADORA LTDA
06864026000164,NASP LOGISTICA E TRANSPORTES LTDA
06885869000147,DL TRANSPORTES LTDA
06915050000185,GRYCAMP TRANSPORTES LTDA
06975242000187,LOG FRIO LOGISTICA LTDA
06989879000122,CLAROS TRANSPORTES EIRELI
06995647000187,LOG EXPRESS TRANSPORTES LTDA
07043293000133,LOBATRANS TRANSPORTES LTDA
07049053000146,OBJETIVA TRANSPORTES LTDA
07083324000180,FLASH CAMP TRANSPORTES LTDA
07095535000132,SUL EX TRANSPORTES LTDA
07136315000100,POTENZA TRANSPORTES LTDA
07172751000134,FOBA TRANSPORTES LTDA
07182059000197,MAYNARD TRANSPORTES LTDA
07235562000163,TRANSPICHORRA TRANSPORTES LTDA
07284039000127,EMJ TRANSPORTES E LOGISTICA EIRELI
07341344000103,RODOGHEL TRANSPORTES LTDA
07353607000102,CARPO LOGISTICS LTDA
07378604000115,FD TRANSPORTES LTDA
07420253000163,MELITTIO TRANSPORTES LTDA
07487162000145,NAGAMI TRANSPORTES LTDA
07494241000183,DOCA TRANSPORTES LTDA
07549771000181,NT TRANSPORTES LTDA
07551238000154,IUGAS MUDANCAS E TRANSPORTES LTDA
07616227000105,ALBERIS TRANSPORTES LTDA
07687696000115,TRANS SABES MUDANCAS E TRANSPORTES EIRELI
07710132000156,MASQUETI TRANSPORTES LTDA
07715580000142,DICA MOVIMENTACOES LTDA
07717548000104,ASR TRANSPORTES JUNDIAI LTDA
07797011000193,CAZAN TRANSPORTES LTDA
07865701000132,ALA LOGISTICA E TRANSPORTES LTDA
07876409000115,LANDRICO MINAS LTDA
07985888000108,CJR TRANSPORTES LTDA
08045747000178,LOG 10 TRANSPORTES LTDA
08065722000136,RD LOG TRANSPORTE E LOGISTICA LTDA
08098211000110,FINTRANS TRANSPORTES LTDA
08133373000142,INTEGRACAO TRANSPORTES LTDA
08148052000111,LMB TRANSPORTES LTDA
08152463000180,SOL A SOL TRANSPORTES EIRELI
08165642000152,GAT LOGISTICA LTDA
08178070000146,SUL RIO TRANSPORTES LTDA
08212936000198,GUSMAO LOGISTICA LTDA
08262037000108,ZIYAD TRANSPORTES LTDA
08272690000140,RANAKOSKI TRANSPORTES EIRELI
08300577000120,TRANSMUDE TRANSPORTES LTDA
08366872000180,ASAP TRANSPORTES LTDA
08457322000176,VHZ TRANSPORTE E LOGISTICA EIRELI
08505413000130,JC SPAGNOL TRANSPORTES LTDA
08636848000113,TRANSAMEX EXPRESSO RODOVIARIO EIRELI
08641621000166,GERKA TRANSPORTES DE CARGAS LTDA
08683523000191,TRANSOFI TRANSPORTES EIRELI
08874910000105,EXPERTISE TRANSPORTES RAPIDOS EIRELI
08896056000188,AVAPEX TRANSPORTES LTDA
09002604000141,VIA 80 TRANSPORTES EIRELI
09012502000107,TRANSUNI ENCOMENDAS E CARGAS LTDA
09026580000160,VANOPEX TRANSPORTES LTDA
09096230000170,VERTICO TRANSLOGISTICA LTDA
09105476000161,STRATTOS TRANSPORTES LTDA
09187372000143,SUZANLOG LOGISTICA LTDA
09272560000170,TWR TRANSPORTADORA EIRELI
09398013000135,TRANSTEC EXPRESS LTDA
09421985000101,GOES TRANSPORTES LTDA
09470234000177,SUPORTELOG TRANSPORTES EIRELI
09470304000197,SIDCAR TRANSPORTES LTDA
09491638000147,ROTA 381 TRANSPORTES LTDA
09502635000161,TRANS HERDEIRO LTDA
09537827000103,TNB TRANSPORTES LTDA
09540879000139,CAZUZA EXPRESS TRANSPORTES EIRELI
09551186000141,YPE MUDANCAS E TRANSPORTES EIRELI
09558319000101,MCU EXPRESS TRANSPORTES LTDA
09606784000170,FEROZ LOGISTICA LTDA ME
09609877000159,EDS SOLUCOES LOGISTICAS EIRELI
09616777000150,LOGIN LOGISTICA INTEGRADA LTDA
09626662000146,AGORA EXPRESS LTDA
09629489000130,NUMERO 1 TRANSPORTES DE CARGAS LTDA
09942022000145,MELLO TRANSPORTES LTDA
10233634000148,ABC CARGAS EXPRESS LTDA
10273317000155,COTLOG SOLUCOES LOGISTICAS LTDA
10299567000164,VELOCE LOGISTICA SA
10322533000143,TUPILOG TRANSPORTES E LOGISTICA LTDA
10331689000190,PUGLICAR TRANSPORTE E LOGISTICA LTDA
10452973000115,GUERIAL TRANSPORTES LTDA
10461843000149,ACO TRANS TRANSPORTES LTDA
10474360000189,UNI TRANSPORTES LTDA
10475991000112,VAIVEM TRANSPORTES LTDA
10526038000156,SOLO BRASIL TRANSPORTES LTDA
10608283000102,LOGISTIC COMPANY TRANSPORTES LTDA
10616513000185,UAS TRANSPORTES LTDA
10619353000128,COURIER TRANSDEX LTDA
10686066000130,ILSON JOSE BRAUNN
10695486000183,SABIO TRANSPORTES LTDA
10700543000175,MENGUE EXPRESS EIRELI
10754360000132,DKG TRANSPORTES LTDA ME
10759209000197,FC EXPRESS EIRELI ME
10795918000128,TRANSTIJ TRANSPORTES LTDA ME
10814694000154,DE LIMA SOLUCOES EM TRANSPORTES EIRELI
10818365000181,DRIGOR TRANSPORTES LTDA
10831856000162,TFA LOGISTICA LTDA
10866450000115,HOL TRANSPORTES LTDA
10914122000147,ALFALOG ARMAZENS GERAIS LTDA
10945146000163,JUBILO TRANSPORTES LTDA
10992167000130,METAR LOGISTICA LTDA
11036072000105,SONACIONAIS TRANSPORTES LTDA
11060858000168,SPMIX TRANSPORTES LTDA
11062339000139,CISPER EXPRESS LTDA
11113293000130,BIANCHINI LOGISTICA LTDA
11243428000181,MATEC TRANSPORTES LTDA
11264745000184,RISTHEA LOGISTICA E TRANSPORTE LTDA
11273955000139,ARLETE SERVICOS EM LOGISTICA EIRELI
11311133000103,Z TRANSPORTES LTDA
11319558000150,NAPOLI TRANSPORTES LTDA
11349276000104,NQX TRANSPORTES LTDA
11352038000140,QUIMERA TRANSPORTES LTDA
11358046000101,CROSSLOG TRANSPORTES LTDA
11389422000117,ABT LOG TRANSPORTES EIRELI
11393631000134,LUXTON BRASIL TRANSPORTES EIRELI
11412981000109,LOGMIX TRANSPORTES LTDA
11441387000138,TRANSBRITTO EXPRESS EIRELI
11460355000180,VIA CARGO TRANSPORTES LTDA
11469155000198,WAYLOG LOGISTICA EIRELI
11555452000156,OLIVEIRA CHAVES TRANSPORTES LTDA
11562825000116,DESTAC TRANSPORTES LTDA
11574156000100,TRES UNIDAS TRANSPORTES LTDA
11718595000131,ALAS TRANSPORTES EIRELI
11920739000138,SERTLOG TRANSPORTES E LOGISTICA LTDA
12062320000155,TRANS VMC TRANSPORTES EIRELI
12128014000174,RAVI TRANSPORTES EXPRESS LTDA
12135094000195,TRANS ELIX TRANSPORTES EIRELI
12163943000114,SEA TRANSPORTES LTDA
12163947000100,KGR TRANSPORTES LTDA
12220351000197,NOBRELOG TRANSPORTES LTDA
12223325000112,ZUMKEL TRANSPORTES E LOGISTICA LTDA
12223951000109,VEROTTO TRANSPORTES LTDA
12389978000176,MEGATRANS LOGISTICA LTDA
12458960000189,DOGA LOGISTICA E TRANSPORTES LTDA
12460878000199,FAST WAY TRANSPORTES EIRELI
12564459000105,PRESTO LOGISTICA EXPRESSA LTDA
12613474000198,SCUDERIA TRANSPORTES LTDA
12797256000150,RODOLEV TRANSPORTES LTDA
12823473000178,JLB TRANSPORTES LTDA
12898982000160,RITMO LOGISTICA SA
13092981000196,RMJ TRANSPORTES LTDA
13104585000131,TOLEDO EXPRESS LTDA
13148262000140,ZN LOG LOGISTICA E TRANSPORTES LTDA
13159790000102,AZ DE OURO TRANSPORTES LTDA
13252752000191,ONIX TRANSPORTES LTDA
13317875000163,JS TRANSPORTES LTDA
13324590000150,TALISMA TRANSPORTES EIRELI
13360577000156,LASER TRANSPORTES DE CARGAS LTDA
13468838000156,NOROESTE LOGISTICA LTDA
13483369000144,FAST LINE CARGAS E VIAGENS LTDA
13499422000103,INOVA EXPRESS LTDA
13516374000106,TRANS MSA LOGISTICA LTDA
13666822000158,MPA TRANSPORTES RODOVIARIOS EIRELI
13712588000158,4 LOG LOGISTICA E TRANSPORTE LTDA
13716161000128,TECHNOLOGY TRANSPORTES LTDA
13989996000151,PONTUAL BRASIL TRANSPORTES LTDA
14018050000100,BEMTRACK LOGISTICA E TRANSPORTES LTDA
14041540000128,BLUE TRANSPORTES EIRELI
14071258000193,BSG TRANSPORTES LTDA
14153200000199,RODOPOLLO TRANSPORTES LTDA
14177918000115,FAG EXPRESS TRANSPORTES LTDA
14235076000100,TRESOR TRANSPORTES LTDA
14307982000173,INOVA TRANSPORTES LTDA
14309089000187,GRIDLOG TRANSPORTES LTDA
14415817000135,AMAVITCARGO TRANSPORTE LTDA
14444516000130,AFL TRANSPORTE E LOGISTICA LTDA
14598243000188,DUCTUS PRIME TRANSPORTES EPP LTDA
14625425000109,TRI JAY TRANSPORTES ADUANEIROS LTDA
14770412000115,RCC EXPRESS LTDA ME
14892785000169,VM XAVIER TRANSPORTADORA LTDA
14990379000139,ROTA SEGURA TRANSPORTES LTDA
14995536000107,DDC LOGISTICA E DISTRIBUICAO EIRELI
15216049000153,MODUS MODAL LOGISTICA EIRELI
15235337000155,ROBDAY TRANSPORTES LTDA
15324904000140,RODOVEIGA TRANSPORTES EIRELI
15418632000147,RODODATA TRANSPORTES LTDA
15463578000151,LIVRE BR TRANSPORTES EIRELI
15578817000119,ASA LESTE TRANSPORTES E LOGISTICA LTDA
15653368000126,IGUACU LOG TRANSPORTES LTDA
16491993000181,ECCOTRANS SOLUCOES LOGISTICAS LTDA
16560889000100,TRANSCOMSILVA TRANSPORTES EIRELI
16815496000191,MBM LOGISTICA E CONSTRUCAO LTDA
16876770000132,TRANSMILAGRES TRANSPORTES LTDA
16906199000151,LDB LOGISTICA E TRANSPORTES LTDA
16906697000102,TRANS TONINHO LTDA
16960342000193,COPERLAGOS TRANSPORTES LTDA
16988255000144,TRANSVITA LTDA
16996362000114,JR TRANSPORTES E LOGISTICA LTDA
17001762000105,MINAS CARGAS TRANSPORTES E LOGISTICA LTDA
17064216000113,RAPIDEX BRASIL TRANSPORTES EIRELI
17097001000107,CARGA BLINDADA TRANSPORTES LTDA
17137387000125,TRANSVELHOTE TRANSPORTES LTDA
17208678000167,PRIME EXPRESS TRANSPORTES LTDA
17211200000196,TRANSFASAN TRANSPORTES LTDA
17284982000193,TRANSDORA TRANSPORTES LTDA
17463456000190,PATRUS TRANSPORTES URGENTES LTDA
17543669000122,LANTO TRANSPORTES LTDA
17558447000183,BAURU LOG EXPRESS LTDA
17595372000100,PASSARO VERDE EXPRESS LTDA
17637411000195,MAVAL TRANSPORTES LTDA
17669218000136,EXDEX TRANSPORTES EIRELI
17672564000173,VALPAN TRANSPORTES LTDA
17680068000161,CGI LOG TRANSPORTES EIRELI
17695006000123,AGG LOG EXPRESS EIRELI
17703290000132,ALS TRANSPORTES LTDA
17735468000127,VNC TRANSPORTES LTDA
17740750000100,DANVALLE TRANSPORTES LTDA
17787572000165,RODOLIMEIRA EXPRESS CARGO LTDA
17788122000197,LITOSUL EXPRESS LTDA
17795675000177,RODOEXTRA LTDA
17848915000154,GO LOG TRANSPORTES EIRELI
17873047000162,FENIX IMPLEMENTOS RODOVIARIOS LTDA
17927431000109,HTL TRANSPORTES LTDA
18003501000197,OLIVEIRA E NOBRE TRANSPORTES LTDA
18016343000100,AGEX ENCOMENDAS URGENTES LTDA
18376765000196,GBD TRANSPORTES EIRELI
18399466000177,MENINOS EXPRESS EIRELI
18433703000179,SAGA TRANSPORTES E LOGISTICA SA
18484669000161,DOLCI & DOLCI TRANSPORTE LTDA
18484745000139,MS CARGAS BRASIL LTDA
18956408000105,BARILOG TRANSPORTE E LOGISTICA EIRELI
19351815000143,TRANSFIRME TRANSPORTADORA EIRELI
19577906000100,REVERSO TRANSPORTES LTDA
19578176000153,ROTHA TRANSPORTE E LOGISTICA LTDA
19688785000165,PANTHRO TRANSPORTES LTDA
19694199000123,TRANSREFER TRANSPORTE E LOGISTICA LTDA
19863408000115,MOVATI TRANSPORTES LTDA
19890237000113,EMANUEL & COSTA TRANSPORTES LTDA
20001026000161,MASS TRANSPORTES E LOGISTICA LTDA
20055368000164,IRRESO REMOCAO E TRANSPORTE LTDA
20065393000129,NLT TRANSPORTES LTDA
20067270000127,TRANSPAULISTANA SP LOGISTICA EIRELI
20111917000170,PLURAL LOGISTICA E TRANSPORTES LTDA
20147617000141,JAMEF TRANSPORTES LTDA
20147617002276,JAMEF TRANSPORTES LTDA
20330046000186,LLS LOGISTICA LTDA
20335095000101,YCELOG LOGISTICA E TRANSPORTES EIRELI
20344185000169,RESGATE SAO PAULO TRANSPORTES EIRELI
20434672000112,VANGUARDA TRANSPORTES LTDA
20495792000120,JL TRANSPORTES LTDA
20693532000169,TRANSNORTE ALOG TRANSPORTES EIRELI
20856135000160,DVAL TRANSPORTES LTDA
20867501000187,MT FAST TRANSPORTES LTDA
20896108000111,2S TRANSPORTES LTDA
20974862000122,ONTIMEX LOG TRANSPORTES LTDA
21047223000184,NAWROSKI TRANSPORTES LTDA
21083356000106,TRANS CLOSED TRANSPORTES LTDA
21101577000160,GT GERACAO TRANSPORTES EIRELI
21165081000150,PGALOG TRANSPORTES E LOGISTICA LTDA
21431965000109,LE TRANSPORTES LTDA
21547405000167,RODOMAFE TRANSPORTES EIRELI
21730208000136,GUA DESTE TRANSPORTE E LOGISTICA EIRELI
21809527000131,RVW LOG LTDA
21849041000127,MTL TRANSPORTES LTDA
22036482000172,DTA CARGO LTDA
22055662000100,JRS EMPRESAS EIRELI
22108960000102,RGTRANS TRANSPORTES LTDA
32121256000116,SEGMA TRANSPORTE E LOGISTICA EIRELI
22123935000106,JOMINI LOGISTICA EIRELI
22261862000100,TORNADO LOGISTICA EIRELI
22507132000147,MD CARGO TRANSPORTES LTDA
22787259000167,BRILOG LOGISTICA MULTIMODAL LTDA
22793344000138,RJ EXPRESS EIRELI
22884119000107,PRILOG LOGISTICA E TRANSPORTE LTDA
22913819000182,PDLG LOGISTICA DE DISTRIBUICAO EIRELI
22922655000150,TRANSNOVAIS MUDANCAS E TRANSPORTES LTDA
23081049000111,JOLOG TRANSPORTES E LOGISTICA EIRELI
23083404000191,CKL TRANSPORTES E LOGISTICA EIRELI
23149095000105,JLGG TRANSPORTES EIRELI
23154251000126,JR TRANSPORTADORA EIRELI
23353270000181,TRANSTATUI EXPRESS CARGO LTDA
23383155000150,CJN TRANSPORTES LTDA
23471988000172,WMJ TRANSPORTADORA LTDA
23592607000103,DRE TRANSCARGAS LTDA
23864838000129,MERIDIONAL CARGAS LTDA
24031136000127,JAVE TRANSPORTES LTDA
24187141000123,LOGISTICA & EXPRESS LTDA
24455624000161,GKR TRANSPORTES EIRELI
24502933000145,AGIEX TRANSPORTES E LOGISTICA LTDA
24660388000115,PG LOG TRANSPORTES E LOGISTICA EIRELI
24705143000167,TERUSLOG TRANSPORTES E LOGISTICA LTDA
24732677000182,AGF TRANSPORTES LTDA
25061909000180,SACRA LOG TRANSPORTES LTDA
25250408000142,TRANSCARJO TRANSPORTES LTDA
25786831000161,GRANCUCAR TRANSPORTES LTDA
25861063000163,JFW TRANSPORTADORA LTDA
25862889000147,TR TRANSPORTES LTDA
26193849000112,ODECAM TRANSPORTES LTDA
26339044000134,JORADO TRANSPORTES LTDA
27285920000150,AGYLIZZY TRANSPORTES EIRELI
28743813000190,RODORIO TRANSPORTES LTDA
39041579000176,BRASPORT BRASIL TRANSPORTES LTDA
41676545000108,MINAS STAR EXPRESS LTDA
41751421000131,REQUIN TRANSPORTES LTDA
43111434000171,JS TRANSPORTES LTDA
43566686000195,RODOJAN TRANSPORTES LTDA
44010320000106,E MARTINS DOS SANTOS TRANSPORTES
44689768000190,TQUIM TRANSPORTES LTDA
44804185000162,SABUGI LOGISTICA LTDA
45044070000180,JTR CARGAS LTDA
45386448000123,RODOCERTO TRANSPORTES LTDA
46051439000144,PROBO TRANSPORTES LTDA
46435293000130,ANDORINHA TRANSPORTADORA LTDA
46515946000191,NOVORUMO TRANSPORTES LTDA
46711198000112,TRANSMOGI LTDA
46771804000195,SISTEMA TRANSPORTES SA
46968905000150,HIPER TRANSPORTES LTDA
47254412000111,IPIRANGA TRANSPORTES LTDA
48595631000127,FRARELOG TRANSPORTES LTDA
48767099000188,CENTRO SUL TRANSPORTES LTDA
49358138000156,AEROMAR TRANSPORTES LTDA
49415508000140,PRATA TRANSPORTES LTDA
49475973000176,CISNE BRANCO TRANSPORTES LTDA
49818222000105,CISNE BRANCO TRANSPORTES LTDA
50095215000101,DIMAVAL TRANSPORTES LTDA
50282854000186,RC TRANSPORTES LTDA
50335371000100,SOTRAMPO TRANSPORTES LTDA
50505924000118,TRANSMOB TRANSPORTES LTDA
50971456000177,PRUDENTINO TRANSPORTES LTDA
51641405000140,ESTRELA LOGISTICA E TRANSPORTES LTDA
51981348000148,EURO TRUCK TRANSLOG LTDA
52067030000119,ESTRADA TRANSPORTES LTDA
52744828000158,APOLO TRANSPORTES LTDA
53040002000170,GRA TRANSPORTES PESADOS LTDA
53337200000109,RAPACI TRANSPORTES LTDA
53613295000138,RODACEL TRANSPORTES LTDA
53656427000109,TRANSMAURE TRANSPORTES LTDA
53766556000150,TRANSBOM TRANSPORTES LTDA
54100763000133,TRANSTIP TRANSPORTES LTDA
54423934000165,ARANAO TRANSPORTES RODOVIARIOS LTDA
54496351000164,ALS TRANSPORTES LTDA
54544622000100,REKARGA TRANSPORTES LTDA
54624788000136,OTA TRANSPORTES EIRELI
54635420000173,ZARGO TRANSPORTES LTDA
55054969000137,MALAJATO ENTREGAS RAPIDAS LTDA
55061022000153,REMARKI TRANSPORTES LTDA
55363600000106,NINON TRANSPORTES LTDA
55717243000137,ANACIREMA TRANSPORTES LTDA
55765309000164,FERO TRANSPORTES GERAIS LTDA
55925416000102,CERQUILHO TRANSPORTES LTDA
56105521000168,RODCRIS TRANSPORTES LTDA
56215882000167,HEGLO TRANSPORTES LTDA
56242068000131,EXITO TRANSPORTES LTDA
56671647000108,JAVATRANS TRANSPORTES LTDA
56761927000107,GARYTRANS TRANSPORTES LTDA
56854375000173,LASER TRANSPORTES E MUDANCAS LTDA
57343667000104,333 TRANSPORTES LTDA
57440398000102,INTERFRETES TRANSPORTES LTDA
57647265000101,TRANSMERIDIANA TRANSPORTES LTDA
57686057000103,MCP TRANSPORTES LTDA
57815599000139,FRANCS TRANSPORTES LTDA
57894016000102,VENETO TRANSPORTES LTDA
57970782000109,JUND TRANSPORTES LTDA
58149782000105,SERVIMEX LOGISTICA LTDA
58338138000185,TOBEMA TRANSPORTADORA LTDA
58436940000108,AJOTA TRANSPORTES RODOVIARIOS LTDA
58505694000107,GERIZIM TRANSPORTES LTDA
58514803000144,CAPRIMAR TRANSPORTES LTDA
58636739000174,L L A LIOMAR OPERADOR LOGISTICO E TRANSPORTES EPP LTDA
58818022000143,TRANSFOLHA TRANSPORTE E DISTRIBUICAO LTDA
59184465000192,KRAFT TRANSPORTES LTDA
59530832000162,BRASILMAXI LOGISTICA LTDA
59801035000172,SUELY TRANSPORTES LTDA
60291275000153,ASA EXPRESS TRANSPORTES LTDA
60652120000103,TADEX TRANSPORTES LTDA
61258869000125,TRANSLUNA TRANSPORTES LTDA
61683793000185,NADJA TRANSPORTES LTDA
61737391000116,TRANSITA TRANSPORTES LTDA
62227541000104,RODOPAN TRANSPORTES LTDA
62408703000100,MOPRI TRANSPORTES LTDA
62798780000114,SETTOR TRANSPORTES LTDA
62939244000191,VIP TRANSPORTES LTDA
63935688000111,RACA TRANSPORTES LTDA
63991343000185,MARE TRANSPORTES LTDA
64232499000145,RODOBORGES TRANSPORTES LTDA
64294325000107,CONFINS TRANSPORTES LTDA
64592637000105,TRANSSEI TRANSPORTES LTDA
64666936000139,TRANSJORI TRANSPORTES LTDA
64871809000171,PEDAGIO TRANSPORTES LTDA
65008245000100,LUTIANO TRANSPORTES EIRELI
65311235000140,TRANSKOMPA LTDA
65744138000140,AGUETONI TRANSPORTES LTDA
65900714000100,NETUNO TRANSPORTES LTDA
66117425000193,SERVITEC CERIONI SANEAMENTO LTDA
66556812000126,OCEANIC TRANSPORTES LTDA
66918905000153,NOVA VISAO TRANSPORTES LTDA
67328062000106,RENAVI TRANSPORTES LTDA
67447409000121,RKM TRANSPORTES LTDA
67741363000159,ZAMINATO TRANSPORTES LTDA
68032937000182,TECEA TRANSPORTES RODOVIARIOS LTDA
68230614000101,PHELIPE TRANSPORTES EIRELI
68577659000149,RODOREI TRANSPORTES LTDA
69050532000130,TRIONON TRANSPORTES LTDA
69122331000109,JET FLY EXPRESS LTDA
69248854000198,CRISTALINA TRANSPORTES LTDA
69311637000103,REAMAR TRANSPORTES LTDA
71224430000135,TRANSESPA LTDA
71904627000115,RODOPRESS TRANSPORTES EIRELI
71948509000109,FAMILIA TRANSPORTES LTDA
72729387000122,LEVO AGORA LTDA
73260390000102,MASTERCARGO TRANSPORTES E LOGISTICA LTDA
74006115000120,MENDES & KOCH LTDA
74243270000160,TBC TRANSPORTES LTDA
74403353000179,BIAGIO TRANSPORTES LTDA
74423617000156,ABS TRANSPORTES LTDA
74443623000175,OSAKA TRANSPORTES LTDA
74445099000171,QUIMITRANS TRANSPORTES LTDA
74546565000105,EUREKA TRANSPORTES LTDA
74557190000189,TEXAS TRANSPORTES EIRELI
74643727000123,CLEMEX TRANSPORTES LTDA
75627836000110,JALOTO TRANSPORTES LTDA
77159689000126,MENDES TRANSPORTES EIRELI
77184745000182,TIC TRANSPORTES LTDA
79669339000135,RODOBEL TRANSPORTES LTDA
80576713000137,TRANSMEDEIROS TRANSPORTES LTDA
80860778000100,TELSTAR RODOVIARIO LTDA
81560047000101,ACEVILLE TRANSPORTES LTDA
82178534000177,MEIER TRANSPORTES LTDA
82270711000140,CARGOLIFT LOGISTICA SA
82918939000102,OZELLAME CARGAS URGENTES EIRELI
83630053000113,TRANSJOI TRANSPORTES LTDA
85057412000110,TRANSSIMAO TRANSPORTES LTDA
85127983000184,FONTANELLA TRANSPORTES LTDA
86447224000757,LOGMIX TRANSPORTES LTDA
86720786000137,REZZE TRANSPORTES LTDA
86755543000134,VIP TRANSPORTES LTDA ME SC
86933033000100,TRANSPAESE TRANSPORTES EIRELI
86959426000192,TRANSBOCHNIA TRANSPORTES LTDA
87404463000105,PEDROMAR TRANSPORTES LTDA
87920377000147,ROMA CARGO LOGISTICA LTDA
88009030000100,MODULAR TRANSPORTES LTDA
88668298000153,IRAPURU TRANSPORTES LTDA
89155303000197,ADELGHI TRANSPORTES LTDA
90605759000190,PETRYMAR TRANSPORTES LTDA
93084598000125,NASA TRANSPORTES LTDA
93561708000134,VINHEDOS TRANSPORTES LTDA
93949899000174,VENETOSUL TRANSPORTES LTDA
94137825000104,PRODOCIMO TRANSPORTES LTDA
94501327000190,CLICK TRANSPORTES LTDA ME
45526535000187,ALPHEU TRANSPORTES LTDA
96475455252105,BRASLOG LOGISTICA LTDA
98418526520115,IRMAOS SCHWANCK LTDA
